2.062867349938632411e-02,-6.010207473721028704e-01,7.879028841121687998e-01,7.136400042810377986e-01
9.538064347089120210e-02,7.015512850507611420e-01,1.251880126459665288e+00,8.797425156081883912e-02
6.343341796319219503e-03,-6.199436510657212462e-01,1.821220113391122386e-01,-1.741007512172647598e+00
1.566363552383152280e+00,-3.494397487116960299e-01,7.436668245485643647e-01,2.089831849982247913e+00
1.056890343950670719e+00,-1.877358850306415916e-01,-1.835147643240871151e-02,-2.801278009474673647e-01
5.657537697888688211e-01,-1.610857733990607721e-01,9.860608540565535263e-01,2.558759189249067423e-01
-3.933308379716408108e-04,-5.632050982654965843e-01,1.447522373938339824e+00,-9.578270360624788760e-01
-4.922377553082418755e-01,-3.096454420121572682e-01,-9.343243358739289350e-01,-5.470929549101622991e-01
-1.362846102354760225e+00,1.289233481315879004e-01,-2.409354117533105133e-01,-1.137679668098983965e-01
6.856506230780570199e-01,2.682724917668977138e-01,-3.157878119019902341e-02,-9.389277293474407315e-01
1.760844358994229086e+00,-1.663973624483059410e-01,-6.490701254194920500e-01,2.377012275226538573e+00
7.982504650814961633e-02,1.229539452018890033e+00,2.122201109818343312e+00,-4.578175880468760006e-01
-6.826462260638679336e-01,3.522025945377160738e-01,2.217440993267338012e+00,-1.001530084424510636e-01
6.042489290424969406e-01,-3.508020098109732032e-01,-2.636457898209611517e-01,3.791193578854130941e-02
-6.314847559053802240e-01,1.254469077236763930e-01,7.784238481155825173e-01,-6.888896555321023518e-01
-2.101253786276820357e+00,-9.392544991282381073e-01,5.324557592738485279e-02,-5.133798024665689463e-02
3.522918739335880733e-01,-1.730952276023371983e+00,-1.736565751551798709e+00,-1.785168044026305578e+00
-5.151239403438041542e-01,-1.871669075533427817e-01,-1.508880553810115488e-01,7.128760918366191524e-01
-7.037705543200248881e-01,1.875060654749685529e+00,-3.822612043574597496e-01,6.476400684766935312e-01
1.431179317488703973e+00,-2.212223283482163683e-01,7.242719427546591149e-01,3.341694510591323386e+00
-1.383535602235090201e+00,-1.455752431376150069e+00,-2.470383036524884807e-02,2.515418431419653711e+00
-2.596534765535696287e-01,-4.116005764997734961e-01,3.858222106023509457e-01,-2.057884839425522250e-01
1.598345780300441388e-01,-3.006869724085490247e-01,1.411556803479067979e+00,1.360901616104212009e-01
-2.840962005344445096e-01,2.128174390317613407e-01,-1.029032170355192344e+00,-1.889526733390900215e-01
-4.521136943923412255e-01,-1.438798896346181966e+00,2.985260690103697101e+00,-1.847818242193813632e+00
-1.506656913299834859e-02,-2.105293278994161132e-01,9.844603330705810063e-01,-6.700434370794802197e-01
7.999136166500142586e-01,1.025617416274460902e+00,1.359593357926764501e+00,1.202093570248725651e+00
3.752054294179680838e-01,-4.386820061606886978e-01,-4.597330287214194677e-01,-7.835877322656716049e-02
1.086700603549204613e+00,-1.940007055226152244e-01,-6.464705228110330382e-02,-2.231409535127319543e+00
4.403752590354349100e-02,7.585400193851913331e-01,-7.954490148862563004e-01,-6.080223681821100845e-01
-5.559906310539099866e-02,-4.995102053332348135e-01,2.381922995817613853e-01,4.724585495588434769e-01
-1.286518537130117101e+00,-8.064107481106489450e-01,-1.207930791188946695e-01,-2.848888905812310135e-01
-1.865982282087919331e-01,-9.141661715963333990e-01,-9.052234493941125892e-01,4.423633950919353408e-01
5.878654214440034442e-01,6.855370996721693588e-01,-2.150059514363468760e-01,1.593012692999473456e+00
-8.240836645557597651e-01,1.711328434400228582e-01,2.403251202297658762e-01,-6.577804011309383858e-01
6.989615007617745457e-01,1.047669575103334694e+00,1.042759869208391699e-01,-1.329165318402336649e+00
-1.044201705684645987e+00,-1.270581710518066954e-01,-1.080254173718253385e+00,-3.634960154823739131e+00
-2.354571991303937573e+00,-4.229513373528205888e-01,-2.452608474248871295e-01,1.308203520065365222e+00
3.596744694059697434e+00,-1.011258953968775104e-01,-7.124356408930611062e-01,3.553206567519921477e-01
5.535773324720565380e-01,-1.722486155326197643e+00,4.274522157726121652e-01,-1.286937970321230695e+00
-2.695704340120849363e+00,-1.112240301874061199e-01,7.134569212709040986e-02,-2.707616546173368111e+00
-5.800923550927118422e-01,-2.903416069427337542e-01,-7.516548335929065239e-01,5.675073512044376614e-03
1.124069375166998341e+00,1.011031619756070254e+00,1.013023139050171384e+00,2.264629914135286803e+00
8.608720723986690304e-01,4.098888424094042082e-01,-1.674695554659267061e-01,-2.364430287236217731e-01
7.942154370926808316e-01,1.892295122906652693e+00,2.937326245987656459e-01,-2.716508635606529332e-01
1.237350465122900728e-01,-2.344809749442826607e+00,5.582999701851171226e-01,1.894827266508938068e+00
1.728292589746891761e-01,-6.879386112763226369e-02,-2.500624351635917508e-02,-6.732766818115681895e-01
-5.680491976851730351e-01,-5.431048970884506666e-01,-8.826371194681995602e-01,-1.250510352382445456e+00
-3.093825184339604739e-01,1.370743953552959526e+00,8.507616075074713180e-01,4.911656859722159374e-01
-7.746625013314619723e-01,-8.013878177193010099e-01,1.413800348011912122e+00,2.352382146557595810e+00
1.581544795497554334e+00,7.366086577185342321e-01,3.721260440984475171e-01,8.872532372584686078e-01
-1.505673596259465563e-01,6.237176715802323912e-01,2.690013508173524137e+00,9.566072005006660550e-01
-7.237881126846337221e-01,-1.108568899094087845e+00,1.162681270810688311e-01,-1.218504352933778456e+00
-9.264875461255928091e-01,1.065172679758507462e-01,-9.423562294148369878e-01,5.773497092466303160e-01
-4.497662034977868012e-02,-1.269991773250316536e+00,3.129145687693208333e-01,6.268615362399826418e-01
4.745572363074704869e-01,-5.887275063354074911e-01,7.344770832037200714e-01,-1.179128504877014150e+00
8.350382590555396334e-01,2.612715608267166090e+00,-9.296351294309916635e-02,4.732082499679266530e-01
3.346848451796223256e-01,4.123604077104485732e-01,-1.806944364431267935e+00,-9.208094746172040823e-02
-2.135168075759414474e+00,-3.313579241640693396e-01,1.183130488385226720e+00,8.766940833629828234e-01
5.120565296322464599e-01,-7.359116062254936752e-01,-3.059529010072813415e-01,-6.612892974639476007e-01
7.331266563763784161e-01,-2.863007277330422262e+00,2.143929644407081558e-01,-1.704248233134962653e+00
-2.391314488939550731e-01,1.146620126805802525e-01,8.538513621761174566e-01,1.434524640811718488e+00
2.600116535239075155e+00,-6.607126024591727931e-02,-2.319642272316925213e-01,1.316650280726973765e+00
-3.656041208957336863e-01,5.012476245310646880e-03,1.470299997230941624e-01,3.063356390659960349e-01
1.196889677071816482e+00,1.458248751477998706e+00,1.066174284498160985e+00,3.979081775351624994e-01
1.537645707154731367e+00,-2.003357945948266994e-01,-1.072859541573311759e+00,2.787779293838451022e-01
-6.243854420307171083e-01,2.875684497204604173e-01,4.978642687668120570e-01,-2.174610307655455266e+00
9.764350986984983161e-01,3.800028799452870309e-01,6.057534426817418050e-01,7.291157692529454115e-01
-5.036336388096916972e-01,-9.057580969307907903e-01,4.672513011799934723e-01,-4.869716084443157650e-02
1.271422968105169415e+00,-8.684736787179238027e-01,-7.955609009323723058e-01,1.138772006649245716e+00
1.118754275825932121e+00,9.052933930077768920e-01,-1.292724119598099630e+00,5.527613343429007564e-01
2.975315690152335879e-01,-3.421041445105047485e-01,2.497297466977423941e+00,3.033217517847998645e-01
2.013268286304657761e-01,-3.632037284935263344e-01,-8.996495047965469283e-02,3.941259263820860032e-03
-1.418452778632847133e-01,-5.134090821104925206e-01,4.523536023743679468e-02,1.021608306195900928e+00
-9.692408106181162053e-02,-8.853581005223380707e-02,3.803387533208666405e-01,-9.838990160493129578e-01
-1.143547452222531069e+00,-1.233181336509016957e+00,1.275149217646060151e+00,9.594341546669882259e-01
-1.923989346939879996e-01,-1.565352058138738567e+00,1.822292110737402659e-01,4.524427718639605911e-01
1.164236858096103222e-01,-2.498396583589550524e-01,7.670511422448860195e-01,9.020032203701049411e-01
-1.202666803516740268e+00,2.568815181222073196e+00,1.533601581948280890e+00,-8.254339868599031016e-01
-3.070550646302019349e-01,1.288563857952334635e+00,-1.202864575188253182e+00,2.069064615969119725e+00
-6.954346492988934536e-02,-5.214012171808249940e-01,5.402261301116892955e-01,8.563161315628250447e-01
3.496662625769276223e-01,-2.774152201232036874e-01,-4.827916773913000781e-01,-2.147636835176287562e-01
-5.523972332691083897e-01,-9.762652661874877680e-01,1.343868170434105780e+00,1.909885289955156162e+00
-3.887609793389536217e-02,-1.536892298572893611e-01,1.018720815893731757e+00,-1.345375090342393332e+00
-1.632277054413351136e+00,-4.130222295050461345e-01,5.948420577305405521e-01,2.692581825520322658e-01
-9.931326991452066322e-01,4.407897204161836391e-01,-1.438847247453440836e-01,-1.535148968316272899e+00
-1.043680163158059448e+00,-4.288829157759485589e-01,2.171056321502652375e-01,6.371240080437851061e-01
3.035238403025790066e-01,1.005973090892510413e+00,-1.592020132586478287e-01,-4.069259766994430261e-01
-1.243285088955838447e+00,2.467104204303385839e-02,-1.299282248583390753e-01,-1.288808556497005542e+00
1.776436448412321498e-02,1.120428403962648423e+00,-1.403372771618699444e-01,1.266303267233630514e-01
-5.787988969422818153e-01,-3.249154983075070446e-01,9.164534365144380024e-01,-8.219592535011940315e-01
1.334959948201732138e-01,-2.465011280321474096e-01,-1.219983052773357945e+00,-1.688497698245662315e+00
-2.780431583366681503e-01,1.202523756977722735e+00,-3.319181006656099497e-02,6.153820203237233555e-01
1.515757384509680838e-01,-1.589931267961646855e+00,8.747472407787505455e-01,2.605581483708977686e+00
8.702089039334396370e-01,-4.955690280739156184e-01,5.355087250643021379e-01,1.157416854265175488e+00
8.073140628037159816e-01,-3.841703040970851357e-01,-2.880687614528834595e-01,-1.220814209437581122e+00
-3.404864527019781928e-01,-2.404865795069542345e-01,-4.921161325361242400e-02,-1.113435889399961631e+00
4.002820097089460627e-01,-9.114608338283560762e-01,1.010746048668180963e+00,-1.470539494660759727e+00
6.267633132477491431e-01,2.428271752320118715e+00,7.001579727414880550e-01,1.979698166446837604e+00
-1.395566113946076880e+00,-2.933839537099454109e-01,-2.236585050443074874e+00,-1.307311325245291034e+00
-3.319660134372290905e-01,-1.887218912446008978e-01,-1.406763169977268468e+00,1.615132632018472902e+00
-9.594650170276493029e-01,-2.139114708474252891e-01,-5.233459386093483046e-01,-1.094157796302263952e+00
1.623302089512979940e+00,-5.288469955429874192e-01,8.051544653692477294e-01,-8.503069307177154590e-01
-5.612737913949621404e-01,2.528817297918362073e-01,7.809657778559566665e-01,1.854834843065729100e+00
6.134033282536092146e-01,-5.101389640942575188e-01,8.358452219228262869e-01,1.327232465930384964e-01
-2.307383620073318320e-01,2.687535975517730824e-01,9.364644857988605464e-01,-1.620292473637346742e+00
-1.279238645534787056e+00,-9.471057138245306262e-02,1.153762076221878236e-01,-1.780285350206494144e+00
1.115357018518682741e+00,-8.123935769002460505e-02,1.481659269779894483e+00,-2.013399665373984959e+00
-1.698813042405249885e+00,-5.805680061520047675e-01,-5.437795693473257419e-02,1.833365040945619917e+00
1.391934336748025469e+00,1.482213143708305925e+00,1.527375999933202388e+00,-2.798263174889585314e-01
1.128451033504033196e+00,4.887867518542051704e-01,-1.193442497604299546e-01,8.892821037638791726e-01
7.514966630158397276e-01,1.976805090965799427e-01,-2.554348288337772388e+00,-1.452446009945807637e+00
-1.132733890227175522e+00,2.674967165731313989e-01,2.641164901740928883e-01,-1.323575109282408846e+00
2.446146612779444840e-01,-4.939597833030172080e-01,-2.076106487295314440e-01,-1.048948629301400759e+00
-2.595811425095799763e-01,1.405860936828126517e+00,-9.247841846411832822e-01,-1.871454178954918612e+00
1.568644650592228906e+00,-1.530361735849973259e+00,-5.871161211210066400e-01,9.927712375279235113e-01
-4.013363178520122920e-01,-4.310552241420063102e-01,-1.072369622122269384e+00,-4.971529952496873683e-01
-1.855068639272575481e+00,-1.129907587533179658e+00,5.982254882778789140e-01,-8.101612354494064361e-01
8.224596767126529651e-01,-5.014895236991142591e-01,-1.024697871705249064e+00,8.891980127880174667e-01
4.391168134795429140e-02,-1.267040917508325037e+00,-2.229482096028351457e+00,-1.244400131607583671e-01
-9.071894945017637824e-01,1.073359975164605240e+00,-2.946928749184345997e-01,-1.990429547913960207e+00
-4.760545817966956861e-01,-3.002114110150199133e-01,6.206546315211621812e-01,-6.496503607217191112e-01
-6.501855087978777314e-01,9.013717957647559009e-01,2.588233735989260875e+00,-4.070402623092708727e-01
-1.280295320845162177e+00,1.101166369044113580e+00,4.282366997971023825e-01,-5.854567430323145971e-02
7.915703725132673674e-02,-2.245676070177641537e-01,5.168197225339460354e-01,-1.071686467749137783e+00
-6.730339190839049746e-01,-7.029630288903176982e-01,-6.621082046090704942e-01,-1.146189229694034584e+00
1.043447489002583689e-01,7.108873173944716406e-01,-1.166499827176348481e+00,-1.995014768387165516e-01
2.864229917949276394e-01,-2.176537865884123069e-01,-6.184318263291910256e-01,-9.428863449136617447e-01
6.974488801615638667e-02,2.833451575330622751e-01,9.572321852227130279e-01,-7.085096850286806136e-01
4.224278367291117026e-02,4.148492745358778877e-01,-6.604884633290494245e-01,-1.239648582144295519e+00
5.695478903203707866e-01,-2.034507918010255878e+00,2.007424095832348154e+00,4.890407895498223856e-01
6.865830622371811298e-01,-1.690594546858432690e-01,1.090898889992385490e+00,8.078828094486282252e-01
9.233645347375679657e-02,9.960898365845756164e-01,8.569185679673172462e-01,-1.592270945888019928e-01
-1.929231584611986072e+00,1.071703010623704877e+00,2.350198877415415610e-01,5.293041773416201634e-01
-1.669312816847786207e+00,5.294830617394152839e-01,1.156213083212977555e+00,-1.463006416273201493e+00
2.610308762931508597e-01,-2.300929502118801651e+00,-1.619751275224164067e+00,4.342082839530046479e-01
5.546481062757122604e-01,-3.890153740816462702e-01,-1.371397716094999053e+00,5.494358501343633155e-02
-2.981958790099746293e-01,1.211854175435515879e+00,4.107340933098286295e-01,-1.656610163032870564e-01
1.169328307449920695e-01,1.102039387686092331e+00,-8.376762680440469344e-02,5.678450087213058328e-01
-1.071278175870168159e+00,-4.149855048755614062e-01,2.765434478932308759e-01,1.461015367347797411e-01
1.327650336321363478e-01,-2.071690187560127683e+00,-2.223271781789400325e+00,-3.874605814362833134e-01
-7.248291307091007940e-02,-1.705921722165163690e+00,9.631010822485924772e-01,1.679434272834717801e-01
1.337161685835384306e+00,1.373599347977098262e+00,1.347252696338458733e-01,-1.378814924141103404e+00
-1.311316889654926321e+00,-1.825610202195864895e+00,8.903269533376902134e-02,-2.221878263942721476e-01
-1.461073436049143970e+00,-3.890151793557831694e-01,-7.946525213504468388e-01,-1.197290664844000707e+00
5.730074307593715499e-01,7.358734335747598720e-01,-2.542316305276304700e+00,-1.909142702520403301e+00
2.171274984469672376e+00,9.789094059450388352e-01,7.525173953370217772e-01,1.096618291985661076e+00
-1.994260563777452200e+00,4.443183705741811651e-01,2.164263131880235502e-01,-9.675717443089868475e-01
5.663512781456846445e-01,3.137644738747770723e-01,1.235556127716184616e+00,-1.166646678056967756e+00
1.120953590397092414e+00,-5.755031046591588817e-01,1.983214889120826774e+00,-1.055215884929061376e+00
-9.763973792167061072e-01,1.081209160790406854e+00,-1.485738718222107402e-01,1.927891520417071847e-01
5.911995167599111145e-01,-6.618378255256676113e-01,1.378100471141190830e+00,-5.583129561777075978e-01
-3.276120474365188384e-01,-1.291542936369633465e-01,1.644595066622680735e+00,-6.102773866629337407e-01
2.675689691071364784e+00,-8.193558697823246639e-01,-3.907648440878995766e-01,-1.049109066400512935e+00
6.528435995092402022e-01,-1.842200975981826971e+00,1.544031005217463504e+00,-7.381496427747384903e-01
7.570290274496980221e-01,-1.354748619097098095e+00,-8.815238562817562240e-01,2.919690182319088501e-01
-1.025229668113727843e+00,1.313668464353385135e+00,5.260834530954381361e-01,-1.831362385389300740e-01
1.039150078507590003e+00,-1.487540039451381801e+00,-7.514433969609013442e-01,2.033292229658436145e+00
3.425420771052422597e-01,3.110050174520089250e+00,1.372719987294577226e+00,8.698349812110099943e-01
-5.305355669946688613e-01,5.866649969023766259e-02,7.790556040685734374e-01,-4.218157135803136115e-01
1.534767704752028949e+00,-1.135509748299938781e+00,4.161866712741921770e-01,2.989378438635048596e-01
7.902332817090289563e-01,-1.732912346279431137e+00,1.800278287898940677e-01,9.438298917858931603e-01
3.470109195493612519e-01,1.337068280444975388e+00,6.223014149777247317e-01,-8.039266662882129655e-01
1.644133319091752643e+00,9.107378755592867581e-01,-3.523747680089545087e-01,1.806281629947488643e+00
8.460275458682974259e-01,1.042855055508046691e+00,6.826740551551948588e-01,-1.465225648962515947e+00
-5.879532861697013280e-01,5.921367619796410464e-01,1.329758471976636436e+00,3.340839576544742950e-01
1.748997755734995163e+00,-1.655148852623720357e+00,-9.394151768697973637e-01,-7.238568918898768967e-02
-2.845346941130298957e-01,1.781463236052166943e+00,-1.178121264432089532e+00,-1.742993700655775247e-01
-1.189523867039327554e+00,-9.354037963346821805e-01,-2.172036831779977639e-01,1.284408754845562495e+00
-3.728206360034553302e-01,-5.673530862080530812e-02,-7.882701232821505144e-01,4.147603551626009855e-02
-1.546001389284263894e+00,4.644794467960768891e-01,-1.542669422292995085e+00,-1.540832783512433135e+00
5.773996085034607262e-01,1.924440933038070511e+00,2.868696268590223974e-01,7.892387750424592063e-01
-6.356307625548300866e-01,1.556173208699057176e+00,-7.908020218969972204e-01,-6.855799724418210062e-01
-3.873248219285389121e-02,9.745811846660227262e-01,1.910295477668946473e+00,-1.364575749526522497e+00
9.907920709820977612e-01,7.933959504472670732e-01,-1.032176933676499875e+00,-2.495350680171213309e-01
-8.924500436413790316e-01,2.982256416972671742e-01,-5.043054063314909019e-01,8.249732350112284340e-01
6.955834456374355990e-02,4.937975417907132791e-01,-2.898791078435795088e-01,1.885732554411703843e+00
-4.236532462784317610e-01,8.425555593484244932e-02,-1.694565319564968364e+00,-7.226861886428036508e-01
3.273264317787673988e-02,-1.715869647804272979e+00,-1.296298346356431264e+00,7.470099456796999160e-01
8.533617075591128087e-02,-1.766977601237095463e+00,-6.745958308496318168e-01,-2.509777572922154421e-01
-4.829430569587792599e-01,-1.469156852856676077e+00,-2.761864192049174882e-01,1.221974571250954850e-01
1.339927612946513857e+00,6.817442371824595782e-01,3.237583611718231502e+00,-1.348489211669377852e+00
1.980424387613912984e-01,-2.396824209628735380e-02,1.718690368438519744e+00,4.586503049644247709e-01
1.566768506123103477e-01,2.292723921706084703e-02,-6.129775940043262761e-01,-2.517766507228091033e+00
1.294612185045469932e+00,-6.066704339236769217e-01,-2.482496924776383396e-01,-1.536779218900461152e-01
-2.957258028652506518e-02,-1.361473609553654596e+00,1.001204781362163176e+00,6.232925787297703968e-01
-9.611196488700965990e-01,-9.753296945084648506e-01,-1.365085863587755799e-01,2.299449558539768956e-01
7.391060453253650575e-01,-3.032447657138301333e-01,-8.144856437602537858e-01,3.873793652250460684e-01
2.158538674777045474e-01,-2.647750726866624493e+00,-7.461675035275134871e-01,2.354221288476316953e-01
1.115684715767342849e+00,6.810205640284316964e-01,-6.263221911758097837e-01,2.894444829584758572e-01
-7.366900940563396727e-01,-1.363737644393074877e+00,-8.875139331871224613e-01,1.796616541248155174e+00
3.873480338570433612e-01,-1.799340534982321327e-01,1.516454200768792226e+00,-1.031940598567449019e+00
2.058243033888094153e+00,7.996804037804208232e-01,5.281125783739077928e-01,9.489132730480083489e-02
5.390406880643024978e-01,-1.764671773511648611e+00,-1.735973218704547627e-01,-9.572046328942203086e-01
1.018040047843087104e+00,9.537068093748857223e-01,-7.385475576225638550e-01,-2.048715950593935353e-01
-2.633541962663662694e+00,-5.443718993795373384e-01,-8.670293992707438502e-01,2.643207360178992937e-01
-2.793527163326478199e-02,-1.013573614072748263e+00,1.788353296551500771e+00,-7.713944282033193822e-01
3.567302877575145859e-01,7.407185164132776833e-01,6.988332065853093411e-01,1.359396423784508645e+00
5.073224732624923572e-01,1.429629887586540082e+00,8.971482179089193543e-02,-3.200878932469411464e-01
1.388866596984930757e+00,-4.291412812054225534e-01,7.240990670893453496e-01,1.157066384150804872e+00
-1.858207690751680241e+00,1.171176045169569635e+00,-8.506309044342708070e-01,4.339664017900875415e+00
-1.218640667556343038e+00,-8.791184737543047412e-01,-8.262483607895053650e-01,-3.633511245062491790e-01
7.479687845498019794e-01,1.279080415258682324e+00,1.983989128776698363e-01,-1.373975403781710902e+00
1.160209266379164279e-02,1.391441534633879318e+00,-5.045700850946513993e-01,-5.781108155922142222e-01
-6.484360838371443503e-01,-4.083102380276871779e-01,3.217684113218980957e-01,-2.523272786260479794e-01
1.074406397319131873e-01,8.736745585563023830e-01,4.095169517503169931e-01,-3.617614521158390994e-01
4.625297970333537845e-01,2.728815089421602891e-01,-1.353610552456285809e-01,-7.167466525642312014e-01
-3.226028557706600575e-01,1.856636105932104597e+00,4.698194894909475394e-01,-1.452062940483919373e+00
-1.103727128523827705e+00,-8.396561505707076378e-01,-2.087001180567520819e+00,-1.560091260142390857e+00
-1.001937195075757181e+00,2.670542429805768392e-01,-6.052542112787075851e-02,1.692157639787832180e+00
2.119497036181955174e+00,-5.642124049790081530e-01,1.156533469905091982e+00,7.136836214298729608e-01
3.863682826847256724e-01,-4.192847744881115779e-01,6.265695845418992604e-01,-9.459038024690448188e-01
-3.765929207985068139e-01,-3.688308991252817748e-01,-1.244583944647183582e+00,-4.153994655775916089e-01
-6.794254401432706647e-01,-1.176728470563271012e+00,1.779070715795111890e-01,7.154157672583041361e-01
2.834259820032601684e+00,-1.433714071612454344e+00,1.139324947630409257e+00,-1.501983040282596882e+00
-1.164408115298784852e+00,-4.200821018442435495e-01,4.637189361642345409e-01,-4.876936011149246575e-01
-6.250407824262816936e-01,2.127626058720047050e-02,-1.895110522145016796e-01,1.113382118444526503e+00
-4.519854157729397692e-01,-7.805920912127606304e-01,-4.666747331818666411e-01,-8.995068116611585340e-01
-2.170027344560605087e+00,1.823443875660112568e+00,-5.496237213593493376e-01,1.129683830651767168e-01
7.267622051688940044e-01,3.656056299998095560e-01,1.553571181271039325e+00,1.933271621103540117e+00
-3.050169759338408615e-01,1.042825054755103231e+00,1.024167089230160643e+00,-1.214811543293157881e+00
-7.127939695104101858e-01,-1.579116568884866068e+00,-4.998360054535803121e-01,1.418270295587280794e+00
-6.802937303335759855e-01,1.497029847013775061e+00,2.967610284981925250e-01,-1.199171026872444479e+00
1.827889866570757138e-01,6.334491907761191642e-01,1.374209304851828017e+00,-1.491128594328775092e+00
4.288861575913552326e-02,5.311191926703019428e-01,7.313389188799359619e-01,1.994808491413535112e+00
-5.268605786630452537e-01,4.136636106655827150e-01,-2.709771596014582951e-01,-6.541749368162975697e-01
-1.251877297037058190e+00,-6.638694248080310167e-01,6.571919205225861260e-01,4.212450769244280857e-01
-4.094889015992896897e-01,2.596501948144541161e-01,-5.984818256783098755e-01,6.269755495855613980e-02
7.044185102565881929e-01,2.899063054394039884e-01,-9.948818108210735200e-01,-1.520029376459939296e+00
-4.026627054201754041e-01,-5.714474037887695701e-01,-2.376076297899372136e-01,-4.241340917140981048e-01
2.116734467758931149e-01,-1.701406809495383254e-01,4.055497940449940414e-02,-1.417614039277451943e-01
1.168638444320060810e+00,-1.032642165592143391e+00,-9.497377640420082701e-01,8.173182744010903944e-01
1.304529266064539950e-01,-1.096567674821239624e+00,-7.916755731330069601e-01,-2.090438878483554253e-01
6.901774928961398325e-01,8.360142008603907993e-01,2.421074794321303736e-01,1.338634391364958098e+00
-8.231850270784070167e-01,-3.379033927591928443e-01,-8.440849687203148821e-02,4.332124801632605271e-01
6.338348002073603826e-01,-1.283780169655043712e+00,-1.116675473898600224e+00,-1.771855099660383237e-01
6.633477717951736796e-01,1.284494005843769715e+00,1.637834280707162860e+00,1.696390540927975588e-01
1.163335106608318847e+00,9.553401265038391488e-01,1.187197382401769197e+00,1.686678430333970136e+00
8.562977039494007458e-01,4.730651234215757506e-01,-5.477781271607485847e-01,4.704047463679823515e-01
8.564703125497261649e-01,7.361382514147725153e-01,3.472909533089606482e-01,-6.057162389363242028e-01
-5.061626462895005979e-02,2.202694251077500498e-01,-9.439184386542247562e-01,8.363680851829725926e-02
4.899830575076950523e-01,-4.283948371433430879e-01,-5.344797617314053784e-02,1.281435154339324312e-01
1.550771654787713207e-02,6.437081223816840669e-01,1.713214937763574364e+00,-4.343308194857048998e-01
1.665344324042505431e+00,-5.714742708172205754e-01,8.409811845525438923e-01,-8.043107795372778090e-01
-7.777337982175615005e-01,2.115688362359828822e+00,1.498248930719749961e-01,1.318020303881467070e+00
1.139275566410649310e+00,7.366410198990184233e-01,2.137061567000551332e-01,1.805118051546088731e+00
-6.275883895126569412e-01,-1.078415110535879240e+00,-6.041988548739173348e-01,-3.073183172395431151e-01
-1.308047120224850257e+00,1.123083445178166828e+00,-5.208851929104849621e-01,-6.627011409069615278e-01
2.197901426704827799e+00,9.992375631851924123e-01,8.273404724643415586e-02,8.550501790476672248e-01
4.102929941237920541e-01,-2.718303814080748282e+00,-7.372659058126697362e-02,-1.951955771333781231e-02
4.583031317832123031e-01,1.481493446350876431e+00,7.916305327961986604e-01,-5.794187861303476961e-01
4.815097491158609744e-02,-1.585468270691734904e+00,2.449656338168509639e-01,-1.486490781935918271e-01
7.905984516740338641e-01,-1.321627585489751899e+00,-1.869523738100096422e+00,8.821683375220861212e-01
-7.727339578072267567e-01,-2.125988598380125494e-02,2.357295831202649572e-01,1.709863396871004637e+00
-7.409535092434363923e-01,2.715758211109037257e-01,1.315733599938319287e+00,9.635140905718231341e-01
3.485502814772712399e-01,-8.245258088367058980e-01,9.053981174979994773e-01,-5.350932381703829011e-01
-7.734985493969462889e-01,6.191746797910235856e-01,-1.197309688325191912e+00,-6.196054999506679373e-01
1.083967045367288717e+00,-1.147404439468767239e-02,-1.230306103005115448e-01,2.150909351235602840e-01
1.337145149304897196e-01,8.932276194799502189e-01,-8.642685705246812289e-02,-5.532189057888363681e-01
1.770221501066846947e+00,1.116406483421218399e+00,-6.555868358215249936e-02,7.376251256337963413e-01
-3.086220817226233981e-01,1.456121257376255418e+00,8.846531523209592851e-02,-2.620982161904064633e-01
1.526244206049246488e+00,-2.730291279459664544e-01,-8.347748633028434506e-01,7.208179478457015232e-01
-5.319764759769818330e-01,1.939893247909620255e+00,-1.746613082231636138e+00,4.402840239146241785e-01
-4.161076797150133760e-02,8.764021549958365132e-01,-2.509472374250987237e-01,2.331722030922895317e-01
-2.515971073361496502e-01,-3.211232691255906935e-01,-7.937615376879717521e-01,-1.608081766622025399e-01
-1.124074546738166730e-01,6.013813122492739360e-01,1.630631677799795121e+00,-6.843350007873261198e-01
-1.954561184168927129e-02,1.961609439549759193e+00,-2.252399573125170862e-01,5.088191450461209131e-01
-3.770955660487467775e-01,-1.202719323609204416e+00,-9.442791641550927206e-01,3.473603105059038243e-01
2.979405655950032594e-01,-2.004618715544078389e-01,1.744190858729418592e-01,-1.990987652628860294e-01
1.036887592119981161e+00,-8.684712938707233043e-01,-2.242378599857575150e+00,-1.071395942618289743e+00
-3.682277357373379134e-01,1.063848274596128407e+00,-1.269491830022427825e+00,-1.106135491345259902e+00
-4.760533612232430434e-01,-2.027215033328794158e-01,1.384242948810010532e-01,3.642004915400277043e-01
1.362408787400079424e+00,1.130139060998795186e-01,7.409730877415256212e-02,5.928289888869751056e-01
7.280580125244363598e-01,6.888009051974617325e-01,9.854652710949364236e-01,-2.798246510782348984e-01
-1.341505639472198697e+00,5.219422110944483828e-01,-6.114451531918585481e-01,5.729150114283987349e-01
-4.995530811772510571e-01,-4.992506494965902042e-01,-8.801898406111328121e-01,-8.874910424795650066e-01
8.106401983945528134e-01,-4.543183128433059270e-01,1.803941304902426879e+00,-1.039554194147950944e-01
-2.320622910510355297e+00,-6.748861044542548981e-01,3.457533618193038838e-01,7.112430890277474660e-01
4.415637228353023191e-01,-1.237795199043263183e+00,4.630138192123786078e-01,6.837802790059849256e-01
-1.221410681379452523e+00,4.150720012902219813e-01,-2.794023409643771605e-01,7.107074542827478414e-01
-9.232797472926729254e-01,1.092291942219723699e+00,9.636672089906084260e-01,5.128428288474545793e-01
4.499649666490717070e-01,2.180646894089925680e-01,-2.351846930833877136e-01,4.747324799348470181e-01
2.433498805422311829e-03,-7.156957055002035606e-01,-5.644349878608775350e-01,5.372373187987715681e-01
-4.238134744170128365e-01,-9.574823161854748577e-01,9.639824022474053900e-01,4.100156656671999911e-01
-1.132461717168154802e+00,-5.921255690374228609e-01,2.565582911647422693e-01,2.291561773102397392e+00
-7.888045796197178383e-01,-3.364958129368143813e-02,1.199608835749349955e+00,9.266806506003739674e-01
-5.634545222708775558e-01,-1.613512592862074380e+00,-1.975041560367321480e+00,-1.590266079727427895e-01
1.300236671624504514e-01,1.375190983935931088e+00,-1.253705399628124717e-01,-8.783045261814395044e-01
9.038239522863217301e-01,2.669969156372103969e-01,-5.047590709016319677e-01,-8.620040395758720164e-01
5.299642614529893603e-01,2.251756561523440947e+00,8.318536944565855240e-01,3.358010162591759107e-01
-6.221517502061457705e-01,5.113674236408020102e-01,-2.249762229703978988e+00,-6.130264141655696886e-01
-3.184721884858338070e-01,1.532781971129908660e+00,2.387159579717497704e-01,-3.465326904383563833e-01
2.512918483905425493e+00,1.807529860883434258e+00,-2.123628842779461678e-01,-2.002852625399745623e+00
-4.606015575426654629e-01,5.193662486817073737e-02,-2.223367956447191152e-01,-3.432618486609055330e-01
-1.547009170085847707e+00,-1.023744189758779344e+00,3.254959667708166166e-02,8.809751242345449374e-01
8.345639397462596420e-01,1.335110366965563955e+00,2.666734983964168748e+00,1.906809052573404939e-01
-1.215147968741730478e-01,7.577189535617943894e-02,1.363129355280008781e+00,-9.297544941437883015e-01
-1.315245394148441826e-01,3.336224369682685986e-01,-3.090922934496951324e-01,1.002936652518356730e+00
2.264710040507154520e+00,-4.275758988508072678e-01,-3.653993169339229130e-01,5.781342165236109665e-01
-1.579008000027179337e+00,1.353184256790979756e+00,-1.230788670094678405e+00,4.845530838873760571e-01
-2.594831150107632101e-01,-1.347519548667048594e+00,2.341130211549823592e+00,8.370674319983952005e-02
-4.344158405389801914e-01,3.271412681394285649e-01,-1.122849501924179760e+00,1.581376896998988937e-02
8.566942071846719853e-02,3.973815109401765966e-01,-1.898104431771438227e-01,8.898252238025650129e-02
-2.131220121032463000e-01,-8.409427313759131051e-02,5.674442229342971933e-01,-1.302760940929269529e+00
-4.174805672188261485e-01,6.963907015080527119e-01,6.054337440848847063e-01,8.837524595667320959e-01
-1.055315228211016310e+00,2.247672846943217784e-01,-1.665484725862823367e+00,-6.283796232844112151e-01
4.336004695262691833e-01,-9.954877268359494380e-01,1.907449330869839255e+00,-1.837149792697247500e-02
-1.646202202230720557e+00,-8.722423241592212051e-01,7.873371470805909933e-01,-8.722265057286647805e-01
-7.125408138688692494e-01,-1.092505154828787850e+00,-2.932126948056349991e-01,-2.864497512543740521e-01
-5.100680781398098107e-01,-5.900725066486079973e-01,-5.624659968560816736e-01,-1.291780987542384906e+00
-1.780608237163321617e+00,-4.058228942444006004e-01,7.233962711459817063e-01,-1.590156650914166248e-01
1.416743298515302563e+00,-5.355687077586731570e-01,1.268835845354707503e+00,8.699283963265341812e-01
4.169943276782699937e-01,-8.212165931388292206e-01,-4.709240217256350780e-01,-3.078706952422182175e-01
-5.371956127080826926e-01,9.973893521907212234e-01,3.375950322558656236e-01,6.513507610979664131e-01
-1.044266202552442263e-01,8.639835094916200608e-01,6.391405246735731849e-01,-7.240876076921344273e-01
-9.876427200642482473e-01,-5.372493477854940469e-01,-2.663966367215099273e-01,6.945399058451534602e-01
-1.595019989828373674e+00,1.220402462085531603e+00,1.147514465970291553e-01,6.904757728115566984e-01
-4.347999451723876807e-01,3.363904861978238015e-01,-3.896985518999336595e-02,-1.335748289388433596e+00
7.356881959384448111e-01,3.280868577353453497e-01,5.899498194293066877e-01,-1.090669398155237557e+00
-9.931570363298901361e-02,2.829768243199147215e-01,-1.801915192547820732e+00,1.188893946993865081e+00
1.637776936976519659e-01,8.234636342564627398e-02,-1.752390505671342913e+00,1.606490363769671026e+00
-5.305317946967936793e-01,-9.936585080689166460e-01,8.474903123341432920e-01,-9.611532332419727917e-03
-1.696760409654404445e+00,8.576756506325771134e-01,9.275456408086205640e-01,-4.537166408924360184e-01
-2.441034750123315944e-01,6.993680791169701316e-02,6.113515741595459962e-01,2.187325131439616488e+00
-2.766842898345864277e-01,2.309609982109252613e+00,-1.075423802201483037e+00,-1.585970225210552087e+00
-9.444403301277971563e-01,-4.746730888397065473e-01,4.902076931399562132e-01,-7.017262109074753895e-02
1.826709884068625500e-01,-1.701629561441166671e-01,2.270689226289780205e+00,-4.128615009771370303e-01
1.805585116050446803e+00,1.082308769855440556e+00,-2.600698572010103349e-01,-1.018643755674037532e+00
1.329804691450506976e-02,-1.312588471306038729e-01,8.689250365538373488e-01,1.154102180695520535e-01
-6.773586096497861142e-01,-8.505851928873595647e-01,4.514994898838707860e-01,-2.053038226450834003e+00
7.018222789037813214e-02,-1.067135150957059020e+00,2.177579635853833517e-01,-1.612938575785576312e-01
-1.158130879670606905e+00,-5.845431827826808036e-01,1.144826807529275348e+00,-7.509669020443437981e-01
8.452353058203311287e-01,1.641040868419772147e+00,-5.242661746378579624e-01,1.550529965824015977e-01
5.095517897331723889e-01,-5.367074424558582191e-01,3.284840137245760849e-01,-1.598030512516811052e+00
-1.203721452620805321e+00,-4.502690730622521120e-01,4.268385769426003007e-02,3.591743967821644512e-01
1.200050945196129842e-01,-5.361162401681045520e-01,-1.021301788224736329e-01,3.704565949416395165e-01
-1.387698892916107374e+00,7.938894183907357904e-01,1.826342519705191236e+00,1.734410327904566951e-01
8.757537621714411857e-01,8.717565264003257486e-01,-2.795364485900296181e+00,-9.966755352200351581e-01
-2.251368657139281304e-01,1.270716696436930304e+00,-4.960560851569756902e-01,-9.191547217446958129e-01
8.314444239688106864e-01,1.933229642150961214e-01,9.715635117263879961e-01,1.494810130492531863e+00
-4.482202768871149101e-01,-1.445452688479613279e+00,7.019632886432237706e-01,-4.440416428573180641e-01
2.388893726078143320e+00,-8.917324788900979904e-01,-1.570997396858329953e+00,9.217697695845181172e-02
1.061360378464706100e+00,8.570427035234627899e-01,1.212404737271878474e+00,-2.223916870026401704e-01
-1.079761725736067657e+00,-8.647485465591311371e-01,1.918197234104906945e-01,-6.819587089706403704e-01
-9.489663307587408170e-01,-2.619599055615287608e-01,-1.242017463891440965e+00,1.215335164083644282e+00
-1.047728341107718730e+00,1.082547700113159816e+00,-1.507318758743936726e+00,-4.613702928362971578e-01
-3.397128872951438727e-01,-1.115695067687518804e+00,-1.867227255696350952e+00,-5.599238252658110815e-01
-9.573635611892720165e-01,-1.101853874239622666e+00,3.789382037769975509e-01,-1.573759410447252982e-01
-2.491042520966408116e-02,1.076397490808001844e+00,-1.618585894710478534e+00,-2.740690008949020040e+00
-2.768284396459005578e-02,-4.628612168352294054e-01,-2.408860527613557179e-01,-5.022490781049617631e-02
-3.742944032311885105e-01,3.348601644367175667e-01,5.549071722272392870e-01,-1.434990004322016732e+00
8.260878789014115472e-03,2.879900807008864416e-02,-4.703825298328096483e-01,1.209986099005785354e+00
2.138270127545975618e-01,1.093907201607198454e+00,-1.942228405107313982e+00,-1.071016085586024902e+00
-3.657112633895556741e-01,-4.323566174847330856e-01,2.162586484523038866e-01,-9.572473107129095826e-01
-1.083788630256721230e+00,-3.451437145715285232e-02,-8.328316302184777253e-01,4.981466152857036978e-01
-1.193532495869991106e-01,7.144558564774309284e-01,1.014034597006838956e+00,-1.708089985769102315e+00
3.455757376355234611e-01,-3.132723755818335176e-01,3.915152629965485409e-01,-2.775079019990991380e-01
-1.258503119974584861e+00,2.424264217827015511e+00,3.382904521177912960e-01,9.841808858322178555e-01
9.080632355345709117e-01,-1.076840152261369976e+00,1.364136148044918784e+00,4.782449935316052669e-01
6.249733523995912865e-01,-1.374030347085817949e+00,6.464007597650079928e-01,-2.276338736032277321e+00
1.552386350970780038e+00,2.082634248420611733e+00,1.776165723896505344e-01,2.181465767892631080e-01
5.351241933906868420e-01,-1.119860523828651033e-01,2.469733475137053103e-01,2.397356760200050341e-01
-6.608406146120873181e-01,6.388630721154188175e-01,-6.028334575234111092e-01,-1.736102245301888614e+00
1.285792465936898887e+00,-3.571962036645022209e-01,-8.054138114261962800e-01,6.242131636067843603e-01
3.726052195135389766e-01,1.220461050805315834e-01,5.405207440237843122e-03,-1.506476506141391836e+00
1.519410552284563787e+00,1.083282847555631090e+00,-5.298875194576932457e-02,6.406901636231228381e-02
5.678751218276626433e-01,-9.908113721470854784e-01,4.853706596341121338e-01,-1.012979523021307671e+00
9.397896862214758507e-01,-1.657159985117970136e+00,4.882333741853213116e-01,1.236623137805357708e-01
-1.725691216356619151e+00,-1.551716404180209619e+00,-8.845295277006616219e-01,1.058597947458837840e+00
-3.129086069900596234e-01,8.938757246681584556e-01,4.279940764882320670e-01,5.610497872928236207e-01
8.347083977825411338e-01,-6.569278822315245403e-01,-5.725581493094517027e-01,-7.637957677983282512e-01
-4.232794575341643495e-01,-1.056917741291873769e+00,1.714612380366589806e+00,9.276868980979826596e-01
1.197729426384991358e+00,9.216534178134728750e-01,4.407224380240148398e-01,1.358146759238696211e+00
-1.716773119210264209e+00,-8.219758133490283614e-01,-7.632732521592121566e-01,9.925115920248382961e-01
8.597855105059651892e-01,9.519059021247356922e-01,4.904630456259861382e-01,-3.324228335867567274e-01
9.302290378816738259e-02,-1.868246390282290725e-01,-2.448930542050109238e-01,1.490995041840787350e+00
-2.863161197881364251e-01,3.984780356798424683e-01,-1.186145998074696006e+00,4.714176113293361975e-02
3.353227966066132937e-01,-3.783626907593011235e-01,-1.015206899181162026e+00,-7.807577426384164632e-01
1.224959167381443059e+00,-1.335683197459875071e+00,-1.602019092619822338e+00,-1.181910069168209398e+00
-7.337824675584957157e-02,9.312794819057879092e-01,7.182848728441972863e-01,-1.083713945233033993e+00
3.297611202154300813e-01,1.617013229910594374e+00,6.752503410402859174e-01,-5.032226470005347618e-01
2.541808690986983033e-01,2.927359302478356740e-01,8.398727741643300382e-01,-3.569290182136653500e-01
9.350524533119282111e-01,-1.715429565089588548e+00,1.255164503206697812e+00,-4.498595361703595086e-01
-2.977438007111224416e-01,3.036205870683547636e-01,6.734997193041967201e-01,1.569354237586272072e-01
-6.862265458580533162e-01,4.754829129753508909e-01,-5.761138597796888750e-01,1.055526628027586789e+00
2.892280258257867720e-01,-7.083170545326378242e-01,3.386861752380989632e-01,-1.001241872184148285e+00
-2.939661031367262756e-01,2.101239753448324588e-01,7.586274370875978335e-01,-2.976849876465458844e-01
-2.885993965570314290e-01,-2.949634715818287845e-01,-2.080298605574376847e+00,-1.329699647077236258e-01
-5.788630000837142742e-01,-1.469676097893652389e-01,-1.657571064283276385e+00,-8.903900838085537783e-01
1.750060105981463832e-01,1.817617545176528182e+00,-1.308576729507970660e+00,9.734269519984221075e-01
-1.553898605985511994e+00,-1.508104859072874893e-01,9.131190580525614386e-01,1.363484389181533363e+00
-1.730195701632132765e+00,7.292755121327682000e-01,3.002542057980833512e+00,-1.346233179312792405e+00
1.552932201892750941e+00,4.656449015079285048e-02,9.749634899727169582e-03,1.471418100045726318e-01
-4.355652188388416945e-01,1.007213275941047259e+00,-6.440584099176633881e-01,4.762155700634975730e-01
1.895312792098849952e+00,1.043456203110613600e+00,-8.571154569142226398e-01,-9.682431781717069086e-01
-3.799149735896558688e-01,-2.280651759572811077e+00,1.720630159621136190e+00,5.479907654938923622e-01
3.590650337698036293e-02,-5.841221485765399901e-01,-2.159459367070509561e+00,2.807783458570226043e-01
4.736061021584692665e-01,-1.200101691165625789e-01,5.780331493313363156e-01,-3.807818303548551331e-01
5.558634841586376218e-01,4.905096303574036365e-01,-1.696780399293925656e-01,-1.652088957959055637e+00
-5.184579692264075224e-01,-1.198915129666427992e+00,8.188605540445693665e-01,-3.725168371781819587e-01
1.304824204485845351e+00,1.123079544762387583e+00,1.812363451996582345e-02,-1.455527131409945607e+00
5.016564078352939854e-02,9.680540405390947178e-01,-2.848785474664601858e-01,-2.832462974006135781e-01
-2.004414057712164521e+00,1.383879186422728891e+00,-1.315934660104480125e+00,9.246603755389709578e-01
1.301353888639988021e+00,-6.843733728762873003e-01,-1.458874523254467981e+00,-1.188960303106002980e+00
1.684345543797592493e+00,9.215758536845399806e-01,9.255236534834806461e-01,-5.676175389830515616e-01
5.338080631728783221e-01,3.207298980232066166e-01,4.554652019188626388e-01,-1.652615362323574644e+00
-1.316509058818119415e-01,-3.580394312241729216e-01,2.635760423946882924e-01,2.407881725035667386e-01
-4.210180301184663354e-01,-1.970298983776776480e-01,4.744731063475310373e-01,2.092722817234431432e+00
-4.774175074182760437e-01,-1.604129912191614604e+00,-2.851560537400102957e-01,-1.532986643246579961e-01
1.633469505209842909e+00,-3.040806557970354013e-02,1.500983147332826340e+00,3.888651624712924915e-01
