1.257302210933932962e-01,-1.321048632913018883e-01,6.404226504432820599e-01,1.049001171530397070e-01
-5.356693731611109621e-01,3.615950549094847366e-01,1.304000045130137231e+00,9.470809631292421704e-01
-7.037352358069925984e-01,-1.265421471046052515e+00,-6.232744625373521918e-01,4.132597934724360073e-02
-2.325030774638834341e+00,-2.187916639325457324e-01,-1.245910947253065171e+00,-7.322673547034516117e-01
-5.442589828573098920e-01,-3.163001563691545392e-01,4.116305363741328271e-01,1.042513369442677584e+00
-1.285346629440342614e-01,1.366463470549685866e+00,-6.651946734866135413e-01,3.515100700930197108e-01
9.034701816518085904e-01,9.401229776087456635e-02,-7.434992493538084002e-01,-9.217253762584194376e-01
-4.577258256673391590e-01,2.201951234700494087e-01,-1.009618183538735892e+00,-2.091755748717130658e-01
-1.592250099144777165e-01,5.408455846858076788e-01,2.146591225063408936e-01,3.553727090399214084e-01
-6.538286094183394237e-01,-1.296136336927694588e-01,7.839754700613295046e-01,1.493431145220760703e+00
-1.259065532104120200e+00,1.513923774739062589e+00,1.345875423782304514e+00,7.813114007004274830e-01
2.644556303293035260e-01,-3.139228145364277855e-01,1.458020683536958684e+00,1.960258316449964733e+00
1.801634869866125088e+00,1.315103764734369962e+00,3.573804106589559826e-01,-1.208318632282171512e+00
-4.454133120083228828e-03,6.564749350763358082e-01,-1.288361463749554403e+00,3.951220601820082390e-01
4.298636948222300247e-01,6.960427239628684815e-01,-1.184117966757189055e+00,-6.617025720390349308e-01
-4.364352471432212388e-01,-1.169801907772864080e+00,1.739367877130133966e+00,-4.959107284421518935e-01
3.289696294602020843e-01,-2.585725454739239981e-01,1.583472878802122175e+00,1.320360987081839133e+00
6.333526228249152235e-01,-2.203509880646650654e+00,5.202897425988650681e-02,6.836861907765344748e-01
1.003961575842169607e+00,-6.179070447076008277e-01,1.822011363328323252e+00,-1.320430970013293459e+00
-6.615280218152190805e-01,9.350499881140220682e-01,4.905461382531165621e-02,2.002392583645255186e+00
1.885191925124655721e-01,-6.331940901922267217e-01,-3.775635052328082386e-01,-1.091146117619195444e+00
-1.277680166386607974e+00,6.304114907682318858e-01,5.811658124128057379e-01,1.294558819441117059e+00
-7.546057912599311024e-01,1.689107452443673107e+00,-2.873877078086662928e-01,1.574408278844586784e+00
-4.327858471825967723e-01,-7.354832923422750524e-01,2.497853715586668411e-01,1.031453084869472292e+00
1.610095767153446600e-01,-5.855288241233366220e-01,-1.341219714076669067e+00,-1.401520214917427953e+00
5.026828498748656671e-01,9.897130332858049551e-01,-1.642945926252906974e-01,-1.074364858228434638e+00
8.730421526217065908e-01,-1.280393944714573129e+00,-7.130680950592721556e-01,6.210178535400985300e-01
-2.250141173574591758e+00,3.863695975663058446e-01,-5.816408364095031480e-01,1.092796974778138808e-01
-7.570152622082311489e-02,2.021143950439598658e-01,6.941719367070081637e-01,-7.583697508984091895e-01
1.420982022311916282e+00,7.260937889477649954e-01,8.437326623032680439e-01,1.164863981111028179e+00
7.875882217058693957e-01,8.440786805785920333e-01,7.559361074288512006e-02,-1.426773850989732306e+00
-1.350451000370139210e-01,-7.695146401767056776e-01,-1.422741768515413563e+00,2.584527909129875622e-01
-5.685494541476425745e-01,-1.029804438011463708e+00,-1.043001080071565445e+00,2.684170797089146521e-01
3.586719491703444507e-01,1.322457469766833205e+00,-1.391466852409373352e-02,1.041839759212822125e+00
1.402264826772522399e+00,1.150165636149692139e+00,-2.365303906276974288e+00,1.228683719203421010e+00
3.396200082486426353e-01,4.237713528533472718e-01,3.712274177362588357e-01,3.827571602707608989e-01
3.194142202523809204e-01,-3.589133085386204680e-01,-1.901635298375994543e+00,-1.089147279074232366e-01
-8.037318485206765839e-01,1.080163412537885170e+00,-2.887665059953775093e-01,8.347535610700985986e-02
-8.496059556101430710e-01,-5.106224678981267084e-01,-1.153306168658677598e-02,-1.485375184263545201e+00
3.006851142946058153e-01,-1.060722534477509249e-01,-1.185719805005233773e+00,-2.398232865397771363e+00
5.130521338803050169e-01,-2.975840389433303534e-01,-5.300084132181583918e-01,-2.361546298529420274e-01
1.816475940881143947e+00,-4.980096905964319365e-02,8.661926298854212558e-02,-1.487072869675398090e+00
1.647339066356099835e+00,9.174879834442942750e-01,1.066934867005179033e+00,4.767273121167960037e-02
9.166547888245957232e-01,3.709468350944102322e-01,6.131890778590062263e-01,-1.521929584082903075e-01
-1.473887948041959106e+00,1.028854347803183078e+00,-1.934959636609707045e+00,-2.399366712580360550e-01
-2.045224883996608345e-01,-1.042860140984504635e+00,6.131231363365797771e-01,-2.003297014095683504e-01
-4.368683255972816148e-01,5.198417309776411921e-01,-4.765790405584137690e-01,1.388979974838308484e+00
3.514550761873138640e-01,-4.743329868344392519e-01,-1.944264975985544153e+00,-1.307753196901147552e+00
1.086830784768363367e+00,-5.060406311134240526e-02,-2.831250656795347154e-01,1.643251614242696945e+00
-1.282649244073898354e+00,-5.856577998413593500e-01,-4.725876767584840654e-01,5.863372815313003805e-01
-6.635351983040469470e-01,-6.134178486140281494e-01,-1.605149396885113600e+00,7.293494040178566395e-01
8.061393585150219421e-01,-4.763767474011619818e-01,1.633399455412986312e-01,-1.292646122759341543e+00
-4.718131547409020743e-01,1.377950952722521105e+00,1.357307340671343732e-01,2.310363486795888210e+00
-7.871927421571577321e-01,5.802844167243075280e-01,-1.955058278331023580e-01,5.658178468280931073e-01
-7.211359658756499522e-03,-5.611981104091591233e-01,-8.676167643217026493e-01,3.066036739048896731e+00
-7.734505972421602815e-02,-2.016660690233245123e+00,-6.486006079033346250e-01,6.780397271239970713e-01
-5.000084331847481911e-01,1.360446202485257494e+00,1.002398272843957772e+00,-1.523386358242357907e-01
-4.722159427760433403e-01,-1.004801007027696480e+00,-6.999665423133246689e-01,-1.473143074665625107e+00
1.204396291533084362e+00,1.590700787126061888e+00,-1.256138069727732898e+00,-1.181682975686463299e+00
-1.768511857086916939e+00,-9.638542307321740221e-01,-3.106336801283291482e+00,-1.142278956631919584e+00
1.296915399800523838e+00,-3.456725294644649726e-01,8.545842348534082866e-01,-4.889690638420449154e-01
1.760667296993122966e+00,1.992179830138570140e-01,-3.820022921434805263e-01,2.552424025371081040e+00
-3.244718562854391752e-01,-1.221223349726136220e+00,2.019100019601099139e-01,-3.883503855807973054e-02
1.066324553166257072e+00,-9.216339244978112299e-01,8.047169314794976325e-01,8.527484705742912618e-01
-6.676872919350704816e-01,1.632440057226776653e-01,-8.307519568543374477e-01,2.345808073840667696e+00
-7.041395622801669418e-01,-4.530744436687141885e-01,-1.065838021963374738e+00,-3.461212751731734261e-01
-5.876026696904224772e-03,7.677891353446865130e-01,-6.104866460656993565e-01,-1.857739586715856928e-01
-1.416489366414042106e+00,-8.274022267661551577e-01,2.755807558275951141e+00,1.041243191694795733e+00
-7.814240416773149400e-01,-1.337397241528291314e+00,-9.755828305996581129e-01,-2.169085951373510984e-02
3.472778835919032581e-02,-7.443606009308560978e-01,-1.286574466737644196e+00,1.422378505248446334e+00
4.516854512950959077e-01,-3.745680195679352842e-01,-2.206612078160865853e-01,-5.295304591256690951e-01
-2.936045446017112592e+00,1.156618270926259018e-01,-1.070544409695765919e+00,-1.002684299032819526e+00
-6.402624053903738233e-01,7.323017147112972358e-01,-1.170530808407683088e+00,-1.434281459674122017e+00
6.398520751723782984e-01,7.543689046395508635e-01,-9.589337077942220455e-01,5.623976772929591972e-01
-2.916324304147521196e-01,3.012921765535601093e-01,-1.260960280065534178e+00,8.328944493608352317e-01
1.203258954116497970e+00,6.370732356261833429e-01,5.583399616951433275e-01,-3.772275156122733897e+00
2.606297490669398087e-01,-2.544531669254353548e-02,-1.470455068463331072e-01,-6.305779899710199921e-01
5.536497491355389655e-02,4.121174051283336692e-01,-2.637881605406249830e-01,-4.633241397098708525e-01
1.229753810939271164e+00,-1.105367107269125349e+00,1.030155197823876767e+00,1.768124637305246716e-01
-8.043056452824273173e-01,-2.899818960693138492e-01,-9.199936028121968867e-01,6.750645184094393736e-01
3.479017619704715125e-01,-5.567961751531812498e-01,-1.102218299054223083e+00,3.017160935010705369e-01
9.573856068419316356e-01,-1.138363493818814604e-01,4.183525008892231556e-01,-3.760271505497427280e-01
6.756920600942722954e-02,-2.912829113936885039e-01,2.940421429749802140e-01,-1.509772513035726904e+00
6.441905231896891681e-01,-2.299324816033148089e-01,3.586080676493851871e-01,-3.403101274662089781e-01
3.203611893741035166e-01,-1.072562804128921465e+00,1.189154412488462098e+00,-1.703544587637297880e+00
-1.039238814779186226e+00,2.356660695396342597e-01,1.462842285184577040e+00,2.781263018080307736e-01
-2.479084552790861429e-01,-1.425090143243264329e+00,-1.912766644301322483e-01,-1.987701104209375555e-02
1.690568645339397102e+00,6.221252216057820972e-01,-1.529092874928446477e+00,2.026779095243192774e+00
-3.950098754987931282e-01,-8.794597147043167196e-01,1.474822652086909880e+00,-4.975576029696810593e-02
-3.674025993780988264e-01,2.187859889352312959e-01,8.448887803757161308e-01,9.933362044496503174e-01
-1.375202400052740526e+00,1.998481470271729510e+00,9.468615879956255865e-01,-3.792010620131512355e-01
-8.186598515214158489e-01,-9.690124307582063112e-01,1.233784375761825675e-01,-6.480162941896269180e-01
-7.648739652865205185e-01,8.112544049416355874e-01,3.645673438263234423e-01,-3.945712584237112130e-01
7.342475961853729416e-01,1.367378626305670863e+00,-1.094496312629645862e+00,-6.032918841422476586e-01
9.426218402198768276e-01,7.189405658150542777e-01,2.266988564379922855e-01,1.162421187558457358e+00
-1.088211729119097360e+00,-1.479137833771104082e+00,-8.665073572768980936e-01,1.225440955360400791e-01
-7.960867750951038380e-01,-4.872181564246916285e-01,-9.750001191003013767e-01,-6.204291445949027262e-01
-1.004787218992994280e+00,3.674662057456129505e-01,7.948910679832191795e-01,-4.804459395182112402e-01
-2.072657954706781935e-01,-5.810325725119153129e-01,5.312512156361891558e-01,8.905603873921995317e-02
1.594156900338214111e+00,-1.095472036637533675e+00,3.625024991910476557e-01,4.439913996466691160e-01
-3.604401709908980900e-01,5.835341273827434616e-01,-1.438522648990438357e+00,2.118803030729321080e+00
-1.342044453286441508e+00,9.198072605649880717e-01,-1.121122678939223016e+00,1.150883031231752618e+00
-3.847740266090022843e-01,1.584229071622112739e-01,5.334375570673462186e-02,1.100734095024795023e+00
-3.215474501429263499e-01,-2.967183709983943540e+00,-7.600587900644337758e-01,1.837123230889482761e-01
-4.404682048702618924e-01,7.698208513207979165e-01,1.015326995974468627e+00,-1.477718098998096474e-01
-1.489645394382511867e+00,1.384165110005896704e+00,1.083053500106817779e+00,-2.991911342670237617e-01
2.108288411392752248e+00,-3.488754600926644023e-01,-1.137119720418375390e+00,-1.558734337510055135e-01
1.077833715505770451e+00,-9.374534425425158357e-01,1.951225077743448555e+00,-8.965262145720566123e-01
9.544222763812404420e-01,5.444623742031770020e-01,-1.540570595828235356e-01,1.080532978717757109e+00
-1.499798788868194732e+00,1.357571786933189140e+00,-6.368402897024140474e-02,-5.424352498635134356e-01
7.491740480400812530e-01,1.059899013599243656e+00,7.697954306236165500e-01,1.999503821044986696e+00
1.080726076050098294e+00,1.283506632420405857e+00,-5.398639371765148187e-01,1.065237770620295621e-01
5.629825823255227846e-01,-1.774223670329363664e-02,3.016352331732358172e-01,4.261047661345686577e-01
8.442439176815352830e-01,-1.016088907700239269e-01,-3.497992153918812464e-01,-8.283156502165506252e-01
-8.917323261422713809e-01,1.172451227346323011e+00,-8.452148800245243287e-02,7.869443810905430992e-01
-1.297363846342751925e+00,-1.938168107839182808e+00,-1.049091230999963376e+00,1.146626967509505102e+00
1.068077439832459508e+00,3.320386078520851103e-01,-8.021701501599596273e-01,-1.308026415658543884e-01
-2.977604797989323315e-01,-3.449733460953166575e-01,-2.506069837315632043e+00,-8.579263859621969468e-01
-1.901088756822352233e-01,1.516427789812094140e+00,1.607430591317444146e-01,1.400888286262807814e+00
-3.937069087594460282e-01,-2.526885812478079085e-01,-3.899421730054339008e+00,4.633303392070189930e-01
5.470956613393337387e-01,1.763759069559373893e+00,-4.867612107928291354e-01,9.415415619704649297e-02
-7.055279547210833169e-01,-1.176257064920281259e+00,-7.131079667369583097e-01,-3.449985240857874058e-01
1.355438028669813555e+00,2.211602573378106725e-03,-7.905448096678756587e-01,1.418778282417330339e-01
2.175713555600343740e-01,-6.762320559749608329e-01,1.143233626629594379e+00,-1.888348890976649930e+00
-2.135446280829865207e-01,6.650660656292455286e-01,-1.338432519476854710e+00,3.612537486433767819e-01
1.292893050193805182e+00,4.536712642569681320e-01,-1.690159942976926288e+00,-7.281950274352487762e-01
1.232303402504263179e+00,2.983352450652941856e-01,-9.858938489975366953e-03,4.412005947154901131e-01
7.210489500058760992e-01,-7.084652365979932087e-01,-2.904000800729553688e-01,1.429136496668195755e-01
-5.439577217873255988e-01,-1.334515585372545443e-01,1.297871761181993211e+00,-9.678198646920557202e-01
1.926662709135140705e+00,1.879344377381986009e+00,-1.713439437964310530e+00,-1.410226651130224440e-01
3.426915696456793170e-01,-7.608710875064288448e-01,-7.410805036847286642e-01,-2.374156967345462943e-01
7.391780871115503082e-01,-5.113338389470943879e-01,1.826693811620116570e+00,2.899740023385320442e-01
-1.025752840833237672e-01,1.449259685131458086e+00,6.262811950603524025e-01,3.692867756875738983e-01
-3.311403827695250102e-01,1.813985613892749704e+00,8.118215897399867487e-01,-2.034113359447123348e-01
-1.577199150682703666e+00,3.729515417619218010e-01,-1.143740092101590111e+00,-1.715945951758320653e+00
-2.791515054677641272e-01,2.814711025906223019e-01,1.282481233683164357e+00,2.824518252852488698e-01
8.060195271707506492e-01,-1.225882705223154678e+00,-2.253217746755716705e-02,1.242113193045050745e-01
8.622461846199108715e-01,1.160606734310173083e-01,8.040789581198729552e-01,-5.041992477771339853e-01
3.579549062131567316e-01,4.148664012544230895e-01,-1.249775724586650982e+00,1.755386285676426572e-01
-3.203625269514067675e-01,-1.904087948616034476e+00,9.584066801413981818e-01,-3.618586803043010725e-01
-8.523900581258607723e-01,-3.773167436938145713e-01,1.382003031483213240e-01,1.507909484347139895e+00
-1.659332030062025953e-01,4.724074969585104200e-01,1.373579376897761994e+00,5.335505312737927053e-01
1.068564157418791627e+00,-4.765098589509555449e-01,7.710493264739775032e-01,-5.797600006969258479e-02
1.074411237489179660e+00,-1.003559571992140409e+00,-7.795577532427446776e-01,1.268731572705382282e+00
-1.960839725693692415e-01,-3.589606467044695326e-01,7.757241935023920232e-02,-6.894974573528611650e-01
1.331941368530560332e+00,-1.249162651675904900e+00,-1.505979983604049388e-01,3.469527857023623207e-01
-1.044470690665621898e-01,-8.022875453678813829e-01,-8.683891967525209088e-01,4.253944258208237073e-01
-1.030480450166701090e+00,6.462427057150404996e-01,-1.524148363645291937e+00,-5.549830967166842211e-01
3.630602236974603964e-02,-1.252151943444615778e+00,6.520108635265922103e-01,-1.853881330950251163e-02
-1.036073681589542606e+00,-1.518888229750395391e+00,-1.565589371372640537e+00,5.103394513032868257e-02
-1.156830107066534330e+00,-1.364879600732451959e+00,-2.312259354922106269e-01,2.277500524853033781e+00
2.775403612334572112e-01,7.629188335006008570e-01,2.127183462686383364e-01,7.829821661085861750e-01
-1.343088650464953071e+00,-4.305119701925848585e-01,2.613508456100389066e-01,-1.791681605497275759e-02
-1.919932201120913839e-01,-6.658760797429369438e-01,-2.583831027042032824e-01,-7.741978238913314048e-01
-2.421833014859780864e+00,-1.194508441705586677e+00,4.756529388744397679e-01,1.557077955671627656e+00
1.813580171323686985e+00,9.675174368870821662e-02,8.933836234441343560e-01,9.079779107107237568e-01
-6.922591838680748344e-01,-1.697939830460604149e+00,3.088731935481297403e-02,-1.762200997240538358e+00
-3.199296129548269141e-01,6.081170867893683774e-01,-1.420069488100002442e+00,3.229538393163682020e-02
1.240018115309065250e+00,3.615124740209636478e-01,5.223217007496788744e-01,9.067404138167449723e-01
1.732963072131179949e+00,1.514230817231868031e-01,1.229500861433124648e+00,-6.416921633742403430e-02
-5.461688154334841672e-01,3.148209696175648942e-01,-6.058128479916710107e-01,-5.731292157665655029e-01
-6.077406304422467986e-01,-2.295424195533166678e+00,1.054994776605966411e-01,-1.263835358595468028e+00
-1.072691206682774012e-01,1.449968780484827802e+00,-5.210003231072903862e-01,-5.420091584474772128e-01
1.363909384501795774e+00,5.463057654642987648e-01,9.765270973526428699e-01,-3.552912339869933600e-01
7.480832128709274942e-01,-6.861685891568023443e-01,-6.760017256218989745e-01,5.962442782050664247e-01
-5.983731712727242691e-01,7.671185432439537877e-01,2.391684535429298375e+00,-1.686152536947285618e+00
-7.522043761212451329e-01,1.120146181842674116e+00,-1.450781694932236632e-01,1.161089849792572348e+00
-1.010064273132907475e+00,3.313441778079704858e-01,-1.505563178228446763e-01,1.403707228733424572e-01
3.311160190553631422e-01,-1.220006362655956300e+00,-1.074137485359294431e+00,1.399244006895422832e+00
2.932137115809555494e-01,1.063463329526273676e-01,-4.407472261355331600e-02,3.565424987061170947e-01
-1.155936739405446501e+00,-9.990273318953994952e-01,1.304508247206433103e+00,1.512752218471632160e-01
8.503008736540340617e-01,-6.056640069212733124e-01,1.376725380359305140e+00,3.452784053195189773e-01
4.812458192500857490e-01,5.487293377157804741e-01,-7.970092393721300850e-01,-1.865720863400060381e+00
-1.074802667085102303e+00,1.630522857386361268e+00,1.300683970320486438e+00,-3.469213679779700743e-01
-3.016763270361450533e-01,1.036605877235852846e+00,-1.684098727535860984e-01,-1.299259870130778705e+00
1.265543092596161046e+00,4.771785779139319228e-01,-2.516339715003550914e+00,-3.131901055298775272e-01
1.436702032843393817e-01,4.812468270587882957e-01,1.521511893116351544e-01,-6.357417972436245623e-01
-1.157590440299871570e-01,2.948003179436003429e-01,-2.680040856140167294e-01,-3.719007197062073611e-01
1.252083938664816820e+00,-9.466076852692522081e-01,-3.494634711099121049e-01,-2.031269013049089800e+00
5.409699634514117950e-01,8.282644598468853481e-01,5.484868325965844837e-01,9.176724874612287586e-01
4.407067447635609203e-01,3.425153909534122687e-01,4.739470669880134213e-01,-2.673084319532768593e-01
1.188327862596401996e+00,-3.485720650141567734e-01,-1.462351925155192855e+00,8.497836136184507838e-01
1.850702779951481691e+00,-9.601511192906311276e-01,-1.016311295928565978e-01,-6.854420107180271282e-01
-3.805832501275168145e-01,4.609297177965802905e-02,-1.241808452781168803e+00,-2.776536712672872942e-01
-1.465967386382387216e+00,-5.682276379414780143e-01,-1.186069653986487449e+00,-1.059060699460144361e+00
-1.719910680658199853e+00,1.219354588732633804e+00,5.090590847395515262e-01,-1.917464043456494238e+00
-5.968275940478755537e-01,-6.704385999030739729e-01,-6.909441281685968494e-01,-1.446883512556483842e+00
7.543857213684551644e-01,-3.958637855079989998e-01,4.681489094895135983e-01,5.267557651664271923e-01
1.375445311670886905e+00,-1.814872277743143414e+00,1.738602111424955465e+00,1.268815273891230389e+00
5.730659923355065910e-01,2.383592229234116289e+00,2.049785979272312764e-01,8.214789160702181681e-01
-7.384139812679596515e-01,1.134357407951828156e+00,1.678259697224144809e-01,-4.512001448560465922e-01
2.116939198315876070e+00,-3.047996645408317939e-01,8.861327608517627352e-03,-1.972799573261284356e-01
-7.556709132364812787e-01,5.312724005304282349e-01,7.384096037327310125e-01,3.543725277387252959e-01
-2.360578261444935322e+00,1.007997003423085181e+00,-3.502383498230938197e-01,-1.216323411889306039e+00
6.032809590509746744e-01,5.628494203738628743e-01,-1.043073702281336557e+00,2.472435678832565209e+00
-1.209626549375650395e+00,-1.733002704384455805e+00,-1.154171426298316705e+00,1.420799842890063669e+00
-1.758567257035158204e-01,-3.720566878481916806e-01,-6.215772113332738991e-02,-5.966139079163050862e-01
-6.902634133270706407e-01,-6.412154938054386299e-01,7.079555234674222985e-01,1.020455885671657459e+00
-1.055092561982777122e+00,2.392279717383911652e-01,7.882072412490861435e-01,-1.081751949506115640e+00
-5.025665920171957790e-01,-1.038064162310791350e+00,-1.291028543017236796e+00,1.018628687900015317e-01
-7.361323713301251015e-01,6.311290891445470175e-01,-2.942192261530346756e-02,4.126273552049943283e-01
-2.922829126198714378e-01,-6.349973825890231627e-01,-9.067313510678130795e-02,-4.996130276595700873e-03
-7.058554945166198857e-01,4.265954551101650560e-01,7.465948559764686854e-01,1.580827053309264152e-01
1.713490888501560283e+00,-6.323390096507157665e-01,5.205964182011031394e-01,-4.087348005290608599e-01
2.346295036752594210e-01,-8.299493395820846109e-01,1.115123377364766633e+00,1.760209057572572622e-01
1.192244499573167360e+00,-1.266095576823757618e+00,-4.935152092007745184e-01,-8.925658002780713085e-01
-5.319418652915010037e-01,-6.926096971858243245e-01,-1.205409342872928030e-01,-1.724714372784271615e-02
-4.098486469656253961e-02,-5.555238735118273041e-01,1.874251778886683872e-01,8.756154955309014554e-01
-9.022755659889228896e-01,8.886250019217759814e-04,-7.407088917588162957e-02,4.683546342237624449e-01
-6.385858477376474274e-02,-1.566480359500578221e-02,-9.910957822281316609e-01,2.170383905964133262e-02
-9.218844892991093776e-01,5.157042481640784493e-01,-1.032189342865215825e-01,3.985841761466474287e-02
-8.911903670902937558e-01,8.037575799416889488e-01,6.923139089321741491e-01,8.615239290498077906e-01
2.227386080913175359e+00,-5.251938229307365896e-02,1.203402835807806825e+00,-1.238278064239217713e-01
3.940872958402978909e-01,3.653374276129355280e-01,2.645917633584742856e-01,6.582561785203809857e-01
-3.039363803392460817e-01,4.093228158147672879e-02,5.353096473418111900e-01,1.747853900038490726e+00
-8.423566689824116827e-01,-1.806132620382913112e+00,-4.840854911476984990e-01,8.992843298078624648e-02
1.749770932036901483e-01,9.221778578673421600e-02,1.182790122678782918e+00,9.760497927838799326e-01
-4.926790495129595993e-02,-4.695471227521868518e-01,-3.460088813825058507e-01,-3.563041529825981546e-01
-2.255994738281382195e-01,-1.572650561542994874e+00,-4.610407436426228189e-01,-4.248800212959661926e-01
-1.888803856979604234e-01,-2.543000124201234002e-01,6.720071416275368303e-01,-5.319433559629919150e-01
-4.385777014308822053e-01,5.419387546680404233e-01,-2.353148467442320591e-01,2.164547268456755991e-01
6.693356983561060680e-01,4.219694947780548988e-01,2.501624479843159721e-01,-1.964415576758196391e-01
6.818941030932070824e-01,1.755499412650004254e-01,-5.048527510617483172e-01,-1.508091869990101919e-01
-1.218129377322531015e+00,-9.615559741469126287e-01,-1.882908036778533800e+00,-6.799313816069116889e-01
1.335545421630883745e+00,-5.564888399932532703e-01,7.875408171027012960e-01,-3.449854222801690320e-03
-7.005488230915339898e-01,1.338279515127908548e+00,5.822058485731420596e-01,-1.751800565280110744e+00
1.041402198186689665e+00,-1.074791495223252458e+00,-1.779139465826312938e-01,6.681134216838949813e-01
-2.998531605991797688e-01,1.118944055617207445e+00,7.612637605131622465e-01,-1.576875610486975443e+00
-4.724341564337806165e-01,2.820737332213646975e-01,-5.749986812650420553e-01,-2.162765061811381395e-01
7.997849113889519135e-01,3.167813066834553326e-01,-9.206190351548596551e-01,1.746063693536369643e-01
-6.122696351098722012e-01,-1.215192359228786767e+00,-1.130055850002065654e+00,2.869555371009184230e-01
-2.811370599356216929e-02,5.431808558425665727e-03,-1.146209047872416065e+00,-1.839295499875755746e-01
-1.037167607749091225e+00,-9.263938335666286328e-01,-1.651267567904380063e-01,-1.383390451320496650e+00
6.692672663671115352e-01,2.486882851272909090e+00,4.588232490907377392e-01,-1.042903138995505907e+00
-2.711855141514847300e-01,-1.555437943582237859e+00,-3.776163812922213592e-01,5.073139355693843111e-01
5.893847661857725129e-01,-1.031742753858432504e+00,2.991456534866246408e-01,1.156408025005446039e+00
1.755091585099096907e+00,-7.007948826987103752e-01,-8.642000120792834306e-01,5.441586912039577534e-02
-2.928090172568381444e+00,-5.310340011508853930e-01,-2.709749693121188407e-01,-4.593419875378874084e-01
-1.583873228162522295e+00,-2.455511077296525235e-01,-7.766086200556817642e-01,7.574830584581225823e-01
-9.184748174227628237e-01,-2.823451297612411537e-01,-2.329479251184030375e-01,5.675714213245196538e-01
-2.545904600366078352e+00,-3.406249357960005608e-01,7.596151492736764599e-01,-3.616882372265676215e-01
-1.526936966387941519e+00,3.265981725839574024e-01,3.366869062435088322e-01,-2.704893919573284067e-01
-1.159795707291730205e+00,-7.406751455270828011e-01,-3.137565089364269255e-01,-8.755328557582860993e-01
-1.920178348352948206e+00,-7.692867989311631405e-01,-6.174393447177568828e-02,-5.070600672915547280e-01
-7.557283913840277811e-02,8.365797896292381797e-02,8.965755003643204324e-01,2.203824123451556094e+00
7.317788401264059273e-01,-1.404328546548828660e+00,-2.656944947302302129e+00,-9.446216866931324285e-02
7.138843525796344236e-02,-1.161873305834576042e+00,2.720321372020744755e-01,-7.669395878687967905e-01
4.026697327816370353e-01,-3.255181729718286676e-01,3.974625907246384648e-01,-1.743195194105432444e+00
-4.384668750992995467e-01,-1.485960064725455887e-01,-1.424874725099931405e+00,1.882338258226730732e+00
-5.407734120955238755e-01,1.389971729008375956e+00,-6.643420911200446088e-01,-2.299711554810032754e-01
1.183901911710019794e+00,3.038268450277930022e-01,1.920543502898606203e-01,2.659434481762174007e-01
-1.366157876240866820e+00,-3.895534736381310870e-01,-9.564456538816967779e-01,1.974136523143152633e-01
-5.439981304035020893e-01,-4.405912149974852005e-02,-7.729256326094217922e-02,-3.637038490501320886e-02
-3.474712191152989904e-02,-6.523781063835982774e-01,-1.054002795556534311e+00,-6.643563093536255515e-01
1.071538340643648279e+00,3.741618064648528086e-01,5.869553605920155848e-01,1.379967916304347675e+00
-1.179430933173163165e+00,5.099524214818214052e-01,-1.075074105202745267e+00,-3.343325988668878757e-01
4.842398427706556263e-01,1.614345267136424011e+00,-7.821649424751884183e-01,-9.479625359384269423e-02
1.156236803954917347e+00,-1.489808119365372274e+00,3.621129147065611509e-01,-3.082781503978844206e-01
-8.816949714700560436e-01,1.466308230736086682e-01,5.949258618468239446e-01,-9.120997623262100396e-01
3.799897818467412591e-01,1.733699896200973090e-01,-1.241813306002714334e+00,1.553412866940122816e+00
1.089902669820145276e+00,-8.599267478891178262e-01,-5.866308827308459595e-01,7.707802337475680998e-01
-4.954490473828720432e-01,-1.839718605222618653e+00,1.048882112400727040e+00,8.781422965773034994e-03
1.907026190964917323e+00,3.574671231689861561e-01,1.909924893830128589e-01,2.874500481394131501e+00
-1.718673459514317159e-01,-9.518157648768793555e-01,2.291979795692479227e-01,1.135754903021066076e+00
-1.165120144186428730e+00,-9.082651093054563418e-01,4.497770983764294850e-01,-3.197345391683628080e+00
-1.092678657982306234e+00,7.954840824420694734e-01,-5.867399161530960638e-01,-1.626483132691054712e+00
1.925566658429306521e+00,-1.410535157273268281e+00,-5.233655469599060028e-01,-3.727314992906953783e-01
8.314439397770137519e-02,-3.695052019039484215e-01,-8.096507856710995210e-02,5.749457907590978939e-02
-8.667642876642285554e-02,9.327384069324165528e-02,-2.378925687816359602e+00,4.410646977675635738e-01
-1.404456697981036450e+00,-2.166645511229061238e+00,1.381347906491206867e+00,-1.285515279199105798e+00
1.798691059542090465e-01,-7.725614870648787047e-01,-6.784662158704470869e-01,4.836547685821585008e-01
-1.048224959191508265e+00,3.726742754149822145e-01,3.806924762430092257e-01,1.164447913936146994e+00
-3.362132204970509353e-01,1.046582253364210624e+00,1.720694706742064817e+00,1.586682279420465358e+00
5.860769567913948208e-01,4.491660719290041515e-01,2.849454960725940733e+00,2.232175958797556259e+00
-7.666172841087739442e-01,9.236090362782892749e-01,6.019592320635680505e-01,7.226746149832086186e-02
1.533122981221510250e-01,4.877851124623137080e-01,9.373584773295993156e-01,2.187698616516345063e-01
3.397937145597669795e-01,1.392140314142640944e+00,3.177202434273687648e-01,5.450224817130815413e-01
9.902300965794345045e-01,1.633262416058421707e+00,1.227040929200397201e+00,3.772149528268926577e-01
2.078154539760639630e-01,-1.223603577851413604e+00,2.920625441035515357e-01,-1.037169759945822722e+00
-1.024039441515757654e+00,6.505089274690512013e-01,-1.005771835757546390e-01,4.722094960293684029e-01
-6.269631173779989242e-01,1.201204007476162960e+00,1.437721800562345720e-01,1.187728327033618303e+00
6.734404901818256128e-01,1.652490385986621346e-01,-4.785274111107215567e-01,3.150757764886402690e-02
8.280104854866205955e-01,6.976577341539597077e-01,-1.195584652503742129e+00,1.025682052745945594e+00
-2.139079414751081931e-01,8.152637210038772286e-01,-6.974882614105615275e-01,6.378552876565750651e-01
-7.965918828262020801e-01,1.293568316592351441e-01,-2.980298067196495149e-01,-2.855725668594085165e-01
-5.665872435909065086e-01,-1.535790962505089452e-01,-1.740634690167491616e+00,8.765996934014190778e-01
9.616865870883877232e-01,-4.427738728469822749e-01,-1.379754625907933407e+00,-6.467092698202764334e-01
9.476143296978757347e-01,6.255207733817739202e-01,-3.003535609187746314e-01,8.972747801405839274e-01
-1.041480756332519464e+00,-6.126363310909914706e-01,4.746072466834896364e-01,-9.591332970445856643e-02
-5.892256991552035084e-01,-2.512127730511402479e+00,6.712163346120159080e-01,3.237218133973122081e-01
-1.742922328551420152e+00,6.003256861085275453e-01,-1.436375875858674801e-02,2.788347773743155567e-01
9.451932065760001445e-01,-7.398868049493273480e-01,7.135642142391335208e-01,6.838541519834498983e-01
7.615157392601774600e-01,1.635955778306172892e+00,6.587348427546967367e-01,-5.615577103391871105e-01
1.798384420138547934e+00,-1.107312545604781207e+00,-4.627235943580139121e-01,-9.644697110043930488e-01
-1.027607995418483022e-01,1.082219283210355432e+00,1.297785956840584953e+00,4.635174158039032655e-01
-6.093910635812475052e-01,-5.536205981505344376e-01,-6.031961366575651073e-01,9.528406823236885703e-01
-9.065393256103156938e-01,8.645262754121827431e-01,-3.259407162425542043e-02,1.720510724519306867e-01
1.511718383900672258e+00,-4.753340140573231176e-01,1.661728596147393988e+00,-1.409452659373670702e+00
-8.247636939365029507e-01,-1.578391403101636836e+00,-7.467818840498867683e-01,5.828820972117233490e-01
7.377290649636312203e-01,3.067753034739905127e-01,2.670919616653492645e-01,-1.173326976707471436e+00
-1.326831832926269605e+00,3.038900074869987367e-01,1.347806977305996634e+00,-3.641347603647214215e-01
-1.268559616590313022e+00,-1.533280477749827897e+00,-6.806517146139356988e-01,1.579543822169069189e+00
-2.077395375324115612e-01,-1.037943374056448098e+00,-6.094708441644297592e-01,-4.835449713031523822e-01
2.656134152217037858e-01,-6.600164535755245199e-01,-8.899395746711700195e-01,-1.880169845429768560e-01
4.686703245962222653e-01,7.170437679288500510e-01,5.505320162671970552e-01,-4.574969296706332123e-01
-1.695077018026794669e+00,-7.985161428769869119e-01,2.840813932760513083e-01,-1.333635285509913837e+00
2.526192229828110869e-01,-5.899759491773431952e-01,-5.821639535030835866e-01,1.119507008022188943e+00
2.187326298785762513e-01,1.370256172826478380e+00,-9.392529879627133926e-01,1.130741192130846118e+00
9.090804102421111699e-01,-2.995002779864728737e+00,-8.827071176954459641e-02,1.542224408923595469e+00
7.780573811679959428e-01,-4.413211565679538428e-01,-2.327903906718244986e-01,-1.303048781237197806e+00
2.062924900602280676e-01,-1.793172081225451686e+00,-1.015306743986152505e+00,1.119164360465482178e+00
-2.056504387532331890e-02,-3.634260488797557143e-01,-1.059111230514437479e-01,2.741894012487202215e+00
1.035187990758183796e+00,-7.756413745956193262e-01,1.666749750490353676e+00,-8.879493790855504110e-02
7.397169333609635578e-01,-5.866304527666428292e-01,-9.378559883180094259e-01,8.019126612557663236e-01
-7.688867493664762742e-01,-7.813181154981488907e-01,8.978342991592050959e-01,-1.162069029694605904e+00
-1.419252001747746350e+00,5.450543963499954181e-01,-1.959881624692813018e+00,-7.517256566679622054e-01
-3.656461120005290999e-01,-1.345306989937045117e+00,-1.117390521405401849e+00,6.658729284349503841e-01
2.924530661220611782e-01,-9.457114683003488009e-01,5.294855660350913373e-01,1.519278441010665892e+00
-1.282417809933940056e+00,6.125579484206808423e-02,1.976651347532730085e+00,6.111598890484190028e-01
8.133851241006896382e-01,-2.001526705001543949e-01,-7.979637561376178301e-01,1.143371694877361566e+00
6.537249441620315293e-01,-5.152318523520336285e-02,-4.653357248233304655e-01,-1.747725228419113819e+00
1.559062291190058680e-01,-6.917127645637496380e-01,-1.318542683810494665e-01,6.709753842534178503e-01
8.200027057036074485e-01,7.190009690459168157e-01,2.255064332205274802e+00,1.165118529180149354e+00
-7.460781757727030783e-01,-8.183019235473778519e-01,2.328150724588982978e+00,-6.633261582929174116e-01
-4.413534253316379191e-02,1.744859087756359228e+00,1.715315874495593862e+00,-5.463202916267519832e-02
2.419430815388781963e-01,-1.635109302080668181e+00,-9.083487005220874932e-01,-3.652591301096781984e-01
-5.660169488668077842e-03,-3.233204760570790870e-01,1.522939815757319293e-01,2.192701513895415122e+00
4.643408608990290398e-01,3.087071877547754584e-01,1.826355891416652942e-03,-1.719076049997730338e-01
1.232944600209750163e+00,-9.912614307154948845e-01,-1.255795250660578788e-01,-1.095777231084415604e+00
8.712970192339368480e-02,1.190503222336290884e-01,9.205065081130676674e-01,1.197661620816486971e+00
6.630643333001591255e-01,1.622259287090355828e+00,1.588503267972809274e+00,3.153586880551327853e-01
3.733468626253328981e-01,-1.936281691701800201e+00,3.202432047275545757e-01,-5.091553877844316733e-03
-1.688495211883491276e+00,-4.313860318417983564e-01,9.574239667720826352e-01,-1.238774326316836261e+00
1.292951164684709164e+00,4.747993187379787594e-01,-2.283880902435439508e-01,-1.423272871787194527e-01
8.299271042495487416e-01,-1.431394279510636469e+00,2.040761939896941879e+00,-8.134195295344778254e-01
-7.652832419470890768e-01,1.220768197189283866e+00,7.900523350117290011e-01,1.325391695649810853e+00
1.045981073864479693e+00,3.763959287981149537e-01,-1.276384146623088967e+00,-4.728399100386690423e-01
1.984393646217261498e-01,-1.718257046034111710e-02,-2.052782820682622855e+00,1.044405359354988461e+00
1.731142461971460378e+00,1.464095198691959476e+00,-1.017859626476877555e+00,4.359667797385436416e-01
-2.126498084584921955e+00,1.690018141983042010e+00,-1.939876909778811331e+00,4.105087632472033676e-01
1.162579688623105456e+00,1.291321730930735656e+00,3.439705147129085705e-01,-1.425650049106741646e+00
-1.011757930442856585e-01,-2.683184741849486410e-01,3.683591590469476595e-01,9.877459840157494231e-01
6.620408823082948313e-01,2.121616557669537162e+00,6.610508551222170626e-01,-3.888175083058830750e-01
1.629979552160181866e+00,-3.145280649446623444e-01,2.818635109543873862e-01,1.807779263636032085e-01
-2.293231358310238388e+00,2.768199534242827275e-01,2.894399535005930391e-01,-2.097050549723816493e-01
-1.412869752591969230e-01,-1.284403493521847128e+00,8.246330883800362388e-02,1.502925486401861743e+00
-1.772695680109836747e-01,-5.221257514855701665e-01,-6.077288948101016164e-01,2.017087908187331635e+00
-1.355243488877063252e+00,8.449497673368574491e-01,1.114118051466800874e-01,1.920896423456985191e+00
1.311265420884035526e+00,-8.831802596201336619e-02,-1.541468637576177692e+00,1.429639843271909072e+00
1.458043667644357777e+00,-1.104901994518459718e+00,7.452334972051312123e-01,-8.007665488593981307e-01
-7.761903063646080625e-01,-1.609313419436043224e+00,9.329052274993122618e-01,2.711284260993098161e-01
4.944997307083230931e-01,1.452474936726756649e+00,6.686246365934847002e-01,5.845627568361390081e-01
7.492738790666626514e-01,-1.064571844205375317e+00,-3.446513461569265802e-02,-1.206261554646250511e+00
-8.999131106081608156e-01,-9.181650149401264505e-02,1.061887618174687464e+00,2.058214013898958417e+00
-1.085193162892527541e+00,1.733304163584826751e-01,-7.091043620613886322e-02,5.272356224228922361e-01
5.824098823089675081e-01,3.624211642959291879e-01,-9.671765424474777495e-01,3.946754229528276481e-01
8.923267130777717826e-01,-5.133908324465025208e-01,1.978164923590538526e+00,-2.349131819469041926e-01
-6.338601977945909072e-01,2.963790384079315610e-01,-2.575894841395959811e-01,-1.367172814105483969e+00
-2.615678652296838519e-02,1.595702440898405516e+00,2.002532317439836174e+00,-5.670414604907227929e-01
9.052746036418156672e-01,1.325294548530814853e-01,2.838866296523058774e-01,1.267371213213739800e+00
8.520715282890425346e-01,1.543204157614916638e-01,-9.287442856855665507e-01,-1.123980841565851874e+00
-6.401811044731388345e-02,3.236133274668824833e-01,5.031718922590753262e-01,7.819693533756538750e-01
9.795851287980925637e-01,-2.403076696754571362e+00,9.034403330296307821e-01,-1.047447776580524570e+00
1.114068574756972962e+00,3.366443279422985935e-01,6.305598177870342935e-01,-5.409257482040763509e-01
2.826513213660382662e-01,-1.867212579390298277e+00,1.095246616704574683e+00,-3.308387386408167541e-01
-2.589080294830289564e+00,1.061483553659224643e+00,1.676773726652386998e+00,-8.761295164040103778e-01
1.212709885792749409e+00,-7.497554511123923904e-01,-2.266520629932709419e+00,-3.578924742793273550e-01
3.261364519929347283e-01,1.335511293778017528e-01,1.035979494946410867e-01,2.964228577623182481e-01
2.165556636228902487e-01,-2.160383034578616246e-01,-6.013813731533054208e-01,-2.658008475467198983e-01
-3.516725661580283879e-01,-3.029226234349036151e-01,-1.102953431285456309e+00,-5.425943845171726787e-01
8.222618878511483986e-02,3.094189104363927467e-01,-6.402894751868315470e-02,-1.836599142353327607e-01
5.344498735721634475e-01,8.144686606150431940e-01,6.800798787004844748e-01,-1.749909085428894562e+00
-4.554050912543667895e-01,7.056545870353251315e-01,5.153973236770710287e-01,6.798106013047429119e-01
3.143515080194260181e-01,-8.535368023114268121e-01,1.222564532340807641e+00,-1.359588874213270238e+00
9.857577924237387323e-01,-1.637513124059962119e-02,-1.472654224286663593e+00,-3.961588005536300083e-01
1.203751746517065957e+00,-5.884016698305081228e-01,-1.210602396814326465e+00,-2.887902837588046667e-01
-8.180749585415558744e-01,-1.250599979228592229e+00,4.375377522269708330e-01,7.981723075978052195e-01
-5.517314171911220644e-01,5.236229236448857183e-01,-3.870270149195225162e-01,-9.971412915682000000e-02
1.234024109925685037e-01,1.493283541392016689e+00,5.075588651720289723e-01,-9.991131085398875511e-01
5.158292357499967284e-01,-2.211882702367327369e-01,-4.663604089076102688e-01,-8.397613575199903702e-01
-2.626026255642294888e-02,-6.013243528668314741e-02,-4.021823645444793649e-01,-1.391147344098264238e+00
-1.707172293069522340e+00,1.279844920146543108e-01,1.782047534562510027e-01,2.183128687352040131e+00
-1.786630093630975358e-01,1.021424079171612931e+00,1.195203722319225559e+00,-6.106675539124376689e-02
7.680100343757663428e-02,-4.298437372777595966e-01,1.775159210784300168e+00,-1.508432171255586374e+00
-3.964614863770247327e-02,1.384122994103650361e+00,-1.076800633335738000e-01,-5.709374997786347272e-01
2.328826369452012823e-01,5.269880126825652322e-01,5.674430736864791713e-01,2.816433149354565790e-01
7.500911196977395612e-01,9.457010559986684939e-01,-1.106882912379154593e+00,-3.788918252476504711e-01
8.696913262453612736e-01,4.886200244805596338e-01,2.346001083483473804e-01,6.724788921182383028e-01
9.521537347008596219e-01,-8.580470590667832465e-01,-1.226944412143774921e+00,-1.153681460684774285e+00
1.858674129136191011e+00,-1.054432573247941374e+00,-2.345871225450063269e-01,-1.854782990848170277e-01
1.031060165209041202e+00,-1.738321098900973638e+00,-3.926821095340596313e-02,1.214388346848690681e+00
1.114899762190601606e+00,4.093119944364986273e-01,-2.609390873799358745e-01,1.757683446635017299e+00
-1.671947176519010370e+00,9.809852752118498609e-01,5.081778886458632183e-01,5.910366844076767601e-01
2.658088302411465431e-01,2.051801474470013043e-01,9.307879958022176048e-01,-1.153044788650622543e+00
-1.246551945545130602e+00,1.624532353438221666e-01,5.215079168224528994e-02,1.636601623397073990e-01
1.590432983505199793e+00,-5.793093535596417487e-01,7.513187611407651234e-01,3.844477037401777819e-01
2.366562402340484983e+00,-1.402186651498923187e+00,-5.460071183317488641e-01,-4.567900340328421849e-01
1.320602896604134546e+00,-8.199185708358815994e-01,1.657942999516334170e+00,1.598108313134687597e+00
8.656126508939360198e-01,4.373760402269870617e-01,-1.556178188936605755e+00,1.821495068783420823e-01
-1.430671658738360774e+00,-3.626263896115067831e-01,2.031007332963634671e-01,-3.088713789691990286e-01
9.508056222091082477e-01,-1.291761471296546948e-01,-1.548582220271175869e+00,-1.060057226030689081e+00
-1.273908390116597733e+00,-3.164303777659374095e-01,1.247584857019788052e+00,5.057460481466130586e-01
3.395094715797014606e-01,-1.285381393152651652e+00,2.369163852990197494e+00,-2.826316218841697439e-02
2.416912669832168792e+00,-8.674214463025012867e-01,-5.678464805360191603e-01,2.599661490267002772e+00
-1.074993979255739029e+00,4.187058206918792824e-01,-3.382052744780619791e-01,-8.134123396910091230e-01
2.161079596617957677e+00,-1.004131050810634251e+00,8.974350015972648587e-01,1.104312597483812164e+00
-1.011801455475475509e+00,-1.897225290854360313e+00,-1.780639897263704974e+00,-7.995834678077131663e-01
2.226646687525108970e-01,3.354421305038132184e-01,-1.890465741663277244e-01,-1.053065846507947184e-01
9.740473583799217350e-01,7.681529784031764230e-01,3.787542251416787797e-01,-6.169671181068716592e-01
7.775727789499776721e-01,1.812096774216565842e-01,-7.478351472109101561e-01,-5.768958770453612717e-01
